,temperature_(c),apparent_temperature_(c),humidity,wind_speed_(km/h),wind_bearing_(degrees),visibility_(km),loud_cover,pressure_(millibars),go_out_score
temperature_(c),1.0,0.9926254234650034,-0.6323310338509905,0.009311978208987595,0.029888034439999166,0.39293862590749506,,-0.3081565549995626,0.6409285628473294
apparent_temperature_(c),0.9926254234650034,1.0,-0.6026411860259155,-0.056324060087452006,0.028926091767664693,0.3818038774937201,,-0.2861134532505684,0.6499693193796195
humidity,-0.6323310338509905,-0.6026411860259155,1.0,-0.22507975747245326,0.0006892828937776951,-0.3692821503604339,,0.03902416096170448,-0.4774593368799427
wind_speed_(km/h),0.009311978208987595,-0.056324060087452006,-0.22507975747245326,1.0,0.10393879165017895,0.10079555644237577,,-0.25143460421419217,-0.009131815902113356
wind_bearing_(degrees),0.029888034439999166,0.028926091767664693,0.0006892828937776951,0.10393879165017895,1.0,0.047581996277722166,,-0.07819891246076273,0.03820715150349336
visibility_(km),0.39293862590749506,0.3818038774937201,-0.3692821503604339,0.10079555644237577,0.047581996277722166,1.0,,-0.16471003174113966,0.6825752051894931
loud_cover,,,,,,,,,
pressure_(millibars),-0.3081565549995626,-0.2861134532505684,0.03902416096170448,-0.25143460421419217,-0.07819891246076273,-0.16471003174113966,,1.0,-0.2644793606788552
go_out_score,0.6409285628473294,0.6499693193796195,-0.4774593368799427,-0.009131815902113356,0.03820715150349336,0.6825752051894931,,-0.2644793606788552,1.0
